Pagine principali,Clic,Impressioni,CTR,Posizione
https://www.unlistened.me/documentation,1,7,14.29%,18.57
https://www.unlistened.me/,0,349,0%,9.43
https://www.unlistened.me/bookmarks,0,48,0%,12
https://www.unlistened.me/about,0,16,0%,22.94
https://www.unlistened.me/categories/,0,10,0%,7.2
https://www.unlistened.me/feed/7384247,0,10,0%,7.2
https://www.unlistened.me/feed/1610232,0,8,0%,57.38
https://www.unlistened.me/feed/7384767,0,7,0%,13.14
https://www.unlistened.me/feed/7382913,0,7,0%,40.14
https://www.unlistened.me/music/,0,6,0%,6.33
https://www.unlistened.me/episode/53301706429,0,6,0%,14.17
https://www.unlistened.me/episode/53347999469,0,6,0%,14.5
https://www.unlistened.me/privacy,0,4,0%,5
https://www.unlistened.me/podcasts/,0,4,0%,5.25
https://www.unlistened.me/feed/7389372,0,4,0%,14
https://www.unlistened.me/feed/7385128,0,4,0%,15.75
https://www.unlistened.me/categories,0,3,0%,1.67
https://www.unlistened.me/episode/53446436260,0,3,0%,8.67
https://www.unlistened.me/feed/5659108,0,3,0%,10.33
https://www.unlistened.me/feed/5423259,0,3,0%,11
https://www.unlistened.me/feed/,0,2,0%,6
https://www.unlistened.me/feed/6863189,0,2,0%,6.5
https://www.unlistened.me/feed/397469,0,2,0%,8.5
https://www.unlistened.me/podcasts,0,2,0%,9
https://www.unlistened.me/music,0,2,0%,10
https://www.unlistened.me/episode/53029739941,0,2,0%,19
https://www.unlistened.me/episode/53396443681,0,2,0%,19
https://www.unlistened.me/terms,0,2,0%,37.5
https://www.unlistened.me/music/albums/,0,1,0%,2
https://www.unlistened.me/forgot_password,0,1,0%,3
https://www.unlistened.me/music/singles/,0,1,0%,4
https://www.unlistened.me/episode/53068086440,0,1,0%,10
https://www.unlistened.me/now-playing,0,1,0%,11
https://www.unlistened.me/feed/808836,0,1,0%,14
https://www.unlistened.me/feed/7384533,0,1,0%,19
https://www.unlistened.me/feed/6931707,0,1,0%,20
https://www.unlistened.me/episode/52943395662,0,1,0%,21
https://www.unlistened.me/episode/53155814267,0,1,0%,22
https://www.unlistened.me/episode/53348312237,0,1,0%,24