Query più frequenti,Clic,Impressioni,CTR,Posizione
unlistened,0,344,0%,9.64
unlisten,0,3,0%,61
unlistening,0,2,0%,30.5
mindwebs,0,2,0%,43
mind webs,0,2,0%,46.5
radio miraya,0,2,0%,64
"""licensed"" ""songs"" -site:reddit.com -site:twitter.com -site:x.com 
-site:wykop.pl -site:tripadvisor.com -site:youtube.com -site:yelp.com 
-site:booking.com -site:facebook.com -site:instagram.com -site:tiktok.com",0,1,0%,10
mindwebs audiobooks,0,1,0%,38
i listened,0,1,0%,41
"""legacy church"" ""legacychurchid.com""",0,1,0%,43
yourlisten,0,1,0%,45
mindwebs radio show,0,1,0%,46
the drama lossless,0,1,0%,48
miraya fm,0,1,0%,56
radio miraya fm,0,1,0%,57
radio miraya news,0,1,0%,64
miraya radio,0,1,0%,66